ID,Student ID,Student Name,Date,Status,Reason
301,STU0001,Dorra Sassi,2026-06-05,PRESENT,
344,STU0002,Emna Jebali,2026-06-05,LATE,
387,STU0003,Karim Slimani,2026-06-05,PRESENT,
430,STU0004,Emna Chaabane,2026-06-05,PRESENT,
473,STU0005,Emna Ayari,2026-06-05,PRESENT,
516,STU0006,Mariem Chouchane,2026-06-05,PRESENT,
559,STU0007,Zied Sassi,2026-06-05,ABSENT,
602,STU0008,Fares Mejri,2026-06-05,PRESENT,
645,STU0009,Ali Khelifi,2026-06-05,PRESENT,
688,STU0010,Rami Slimani,2026-06-05,PRESENT,
731,STU0011,Amira Maaloul,2026-06-05,PRESENT,
774,STU0012,Mariem Mejri,2026-06-05,PRESENT,
817,STU0013,Mohamed Hamdi,2026-06-05,PRESENT,
860,STU0014,Sarra Maaloul,2026-06-05,PRESENT,
903,STU0015,Dorra Bouzid,2026-06-05,PRESENT,
946,STU0016,Rahma Mejri,2026-06-05,PRESENT,
989,STU0017,Rim Jebali,2026-06-05,PRESENT,
1032,STU0018,Ines Mansouri,2026-06-05,PRESENT,
1075,STU0019,Sarra Chaabane,2026-06-05,PRESENT,
1118,STU0020,Mariem Oueslati,2026-06-05,PRESENT,
1161,STU0021,Hiba Karoui,2026-06-05,ABSENT,Sick
1204,STU0022,Mehdi Bouazizi,2026-06-05,PRESENT,
1247,STU0023,Bilel Karoui,2026-06-05,PRESENT,
1290,STU0024,Amira Hamdi,2026-06-05,PRESENT,
1333,STU0025,Tarek Jebali,2026-06-05,PRESENT,
1376,STU0026,Youssef Chouchane,2026-06-05,PRESENT,
1419,STU0027,Ali Ben Ali,2026-06-05,PRESENT,
1462,STU0028,Hiba Khelifi,2026-06-05,PRESENT,
1505,STU0029,Rami Bouzid,2026-06-05,PRESENT,
1548,STU0030,Amine Dridi,2026-06-05,PRESENT,
302,STU0001,Dorra Sassi,2026-06-04,PRESENT,
345,STU0002,Emna Jebali,2026-06-04,PRESENT,
388,STU0003,Karim Slimani,2026-06-04,PRESENT,
431,STU0004,Emna Chaabane,2026-06-04,PRESENT,
474,STU0005,Emna Ayari,2026-06-04,PRESENT,
517,STU0006,Mariem Chouchane,2026-06-04,PRESENT,
560,STU0007,Zied Sassi,2026-06-04,ABSENT,
603,STU0008,Fares Mejri,2026-06-04,PRESENT,
646,STU0009,Ali Khelifi,2026-06-04,PRESENT,
689,STU0010,Rami Slimani,2026-06-04,PRESENT,
732,STU0011,Amira Maaloul,2026-06-04,PRESENT,
775,STU0012,Mariem Mejri,2026-06-04,PRESENT,
818,STU0013,Mohamed Hamdi,2026-06-04,PRESENT,
861,STU0014,Sarra Maaloul,2026-06-04,PRESENT,
904,STU0015,Dorra Bouzid,2026-06-04,PRESENT,
947,STU0016,Rahma Mejri,2026-06-04,PRESENT,
990,STU0017,Rim Jebali,2026-06-04,PRESENT,
1033,STU0018,Ines Mansouri,2026-06-04,PRESENT,
1076,STU0019,Sarra Chaabane,2026-06-04,PRESENT,
1119,STU0020,Mariem Oueslati,2026-06-04,PRESENT,
1162,STU0021,Hiba Karoui,2026-06-04,PRESENT,
1205,STU0022,Mehdi Bouazizi,2026-06-04,PRESENT,
1248,STU0023,Bilel Karoui,2026-06-04,PRESENT,
1291,STU0024,Amira Hamdi,2026-06-04,PRESENT,
1334,STU0025,Tarek Jebali,2026-06-04,PRESENT,
1377,STU0026,Youssef Chouchane,2026-06-04,PRESENT,
1420,STU0027,Ali Ben Ali,2026-06-04,PRESENT,
1463,STU0028,Hiba Khelifi,2026-06-04,PRESENT,
1506,STU0029,Rami Bouzid,2026-06-04,PRESENT,
1549,STU0030,Amine Dridi,2026-06-04,PRESENT,
303,STU0001,Dorra Sassi,2026-06-03,PRESENT,
346,STU0002,Emna Jebali,2026-06-03,PRESENT,
389,STU0003,Karim Slimani,2026-06-03,PRESENT,
432,STU0004,Emna Chaabane,2026-06-03,ABSENT,Sick
475,STU0005,Emna Ayari,2026-06-03,PRESENT,
518,STU0006,Mariem Chouchane,2026-06-03,PRESENT,
561,STU0007,Zied Sassi,2026-06-03,PRESENT,
604,STU0008,Fares Mejri,2026-06-03,PRESENT,
647,STU0009,Ali Khelifi,2026-06-03,PRESENT,
690,STU0010,Rami Slimani,2026-06-03,PRESENT,
733,STU0011,Amira Maaloul,2026-06-03,PRESENT,
776,STU0012,Mariem Mejri,2026-06-03,PRESENT,
819,STU0013,Mohamed Hamdi,2026-06-03,PRESENT,
862,STU0014,Sarra Maaloul,2026-06-03,PRESENT,
905,STU0015,Dorra Bouzid,2026-06-03,ABSENT,
948,STU0016,Rahma Mejri,2026-06-03,PRESENT,
991,STU0017,Rim Jebali,2026-06-03,PRESENT,
1034,STU0018,Ines Mansouri,2026-06-03,PRESENT,
1077,STU0019,Sarra Chaabane,2026-06-03,PRESENT,
1120,STU0020,Mariem Oueslati,2026-06-03,PRESENT,
1163,STU0021,Hiba Karoui,2026-06-03,PRESENT,
1206,STU0022,Mehdi Bouazizi,2026-06-03,PRESENT,
1249,STU0023,Bilel Karoui,2026-06-03,PRESENT,
1292,STU0024,Amira Hamdi,2026-06-03,PRESENT,
1335,STU0025,Tarek Jebali,2026-06-03,PRESENT,
1378,STU0026,Youssef Chouchane,2026-06-03,PRESENT,
1421,STU0027,Ali Ben Ali,2026-06-03,PRESENT,
1464,STU0028,Hiba Khelifi,2026-06-03,LATE,
1507,STU0029,Rami Bouzid,2026-06-03,PRESENT,
1550,STU0030,Amine Dridi,2026-06-03,PRESENT,
304,STU0001,Dorra Sassi,2026-06-02,PRESENT,
347,STU0002,Emna Jebali,2026-06-02,ABSENT,Sick
390,STU0003,Karim Slimani,2026-06-02,ABSENT,Sick
433,STU0004,Emna Chaabane,2026-06-02,PRESENT,
476,STU0005,Emna Ayari,2026-06-02,LATE,
519,STU0006,Mariem Chouchane,2026-06-02,PRESENT,
562,STU0007,Zied Sassi,2026-06-02,PRESENT,
605,STU0008,Fares Mejri,2026-06-02,PRESENT,
648,STU0009,Ali Khelifi,2026-06-02,ABSENT,
691,STU0010,Rami Slimani,2026-06-02,PRESENT,
734,STU0011,Amira Maaloul,2026-06-02,PRESENT,
777,STU0012,Mariem Mejri,2026-06-02,PRESENT,
820,STU0013,Mohamed Hamdi,2026-06-02,PRESENT,
863,STU0014,Sarra Maaloul,2026-06-02,PRESENT,
906,STU0015,Dorra Bouzid,2026-06-02,PRESENT,
949,STU0016,Rahma Mejri,2026-06-02,LATE,
992,STU0017,Rim Jebali,2026-06-02,PRESENT,
1035,STU0018,Ines Mansouri,2026-06-02,PRESENT,
1078,STU0019,Sarra Chaabane,2026-06-02,PRESENT,
1121,STU0020,Mariem Oueslati,2026-06-02,PRESENT,
1164,STU0021,Hiba Karoui,2026-06-02,PRESENT,
1207,STU0022,Mehdi Bouazizi,2026-06-02,PRESENT,
1250,STU0023,Bilel Karoui,2026-06-02,PRESENT,
1293,STU0024,Amira Hamdi,2026-06-02,ABSENT,
1336,STU0025,Tarek Jebali,2026-06-02,PRESENT,
1379,STU0026,Youssef Chouchane,2026-06-02,PRESENT,
1422,STU0027,Ali Ben Ali,2026-06-02,PRESENT,
1465,STU0028,Hiba Khelifi,2026-06-02,LATE,
1508,STU0029,Rami Bouzid,2026-06-02,PRESENT,
1551,STU0030,Amine Dridi,2026-06-02,PRESENT,
305,STU0001,Dorra Sassi,2026-06-01,PRESENT,
348,STU0002,Emna Jebali,2026-06-01,PRESENT,
391,STU0003,Karim Slimani,2026-06-01,ABSENT,Sick
434,STU0004,Emna Chaabane,2026-06-01,PRESENT,
477,STU0005,Emna Ayari,2026-06-01,PRESENT,
520,STU0006,Mariem Chouchane,2026-06-01,PRESENT,
563,STU0007,Zied Sassi,2026-06-01,LATE,
606,STU0008,Fares Mejri,2026-06-01,PRESENT,
649,STU0009,Ali Khelifi,2026-06-01,PRESENT,
692,STU0010,Rami Slimani,2026-06-01,PRESENT,
735,STU0011,Amira Maaloul,2026-06-01,ABSENT,
778,STU0012,Mariem Mejri,2026-06-01,ABSENT,
821,STU0013,Mohamed Hamdi,2026-06-01,PRESENT,
864,STU0014,Sarra Maaloul,2026-06-01,PRESENT,
907,STU0015,Dorra Bouzid,2026-06-01,ABSENT,
950,STU0016,Rahma Mejri,2026-06-01,PRESENT,
993,STU0017,Rim Jebali,2026-06-01,PRESENT,
1036,STU0018,Ines Mansouri,2026-06-01,ABSENT,
1079,STU0019,Sarra Chaabane,2026-06-01,PRESENT,
1122,STU0020,Mariem Oueslati,2026-06-01,PRESENT,
1165,STU0021,Hiba Karoui,2026-06-01,PRESENT,
1208,STU0022,Mehdi Bouazizi,2026-06-01,PRESENT,
1251,STU0023,Bilel Karoui,2026-06-01,PRESENT,
1294,STU0024,Amira Hamdi,2026-06-01,PRESENT,
1337,STU0025,Tarek Jebali,2026-06-01,PRESENT,
1380,STU0026,Youssef Chouchane,2026-06-01,PRESENT,
1423,STU0027,Ali Ben Ali,2026-06-01,PRESENT,
1466,STU0028,Hiba Khelifi,2026-06-01,PRESENT,
1509,STU0029,Rami Bouzid,2026-06-01,PRESENT,
1552,STU0030,Amine Dridi,2026-06-01,PRESENT,
306,STU0001,Dorra Sassi,2026-05-29,PRESENT,
349,STU0002,Emna Jebali,2026-05-29,PRESENT,
392,STU0003,Karim Slimani,2026-05-29,PRESENT,
435,STU0004,Emna Chaabane,2026-05-29,PRESENT,
478,STU0005,Emna Ayari,2026-05-29,PRESENT,
521,STU0006,Mariem Chouchane,2026-05-29,LATE,
564,STU0007,Zied Sassi,2026-05-29,PRESENT,
607,STU0008,Fares Mejri,2026-05-29,PRESENT,
650,STU0009,Ali Khelifi,2026-05-29,PRESENT,
693,STU0010,Rami Slimani,2026-05-29,PRESENT,
736,STU0011,Amira Maaloul,2026-05-29,LATE,
779,STU0012,Mariem Mejri,2026-05-29,PRESENT,
822,STU0013,Mohamed Hamdi,2026-05-29,PRESENT,
865,STU0014,Sarra Maaloul,2026-05-29,PRESENT,
908,STU0015,Dorra Bouzid,2026-05-29,PRESENT,
951,STU0016,Rahma Mejri,2026-05-29,ABSENT,
994,STU0017,Rim Jebali,2026-05-29,PRESENT,
1037,STU0018,Ines Mansouri,2026-05-29,PRESENT,
1080,STU0019,Sarra Chaabane,2026-05-29,PRESENT,
1123,STU0020,Mariem Oueslati,2026-05-29,PRESENT,
1166,STU0021,Hiba Karoui,2026-05-29,PRESENT,
1209,STU0022,Mehdi Bouazizi,2026-05-29,PRESENT,
1252,STU0023,Bilel Karoui,2026-05-29,PRESENT,
1295,STU0024,Amira Hamdi,2026-05-29,PRESENT,
1338,STU0025,Tarek Jebali,2026-05-29,PRESENT,
1381,STU0026,Youssef Chouchane,2026-05-29,PRESENT,
1424,STU0027,Ali Ben Ali,2026-05-29,PRESENT,
1467,STU0028,Hiba Khelifi,2026-05-29,PRESENT,
1510,STU0029,Rami Bouzid,2026-05-29,PRESENT,
1553,STU0030,Amine Dridi,2026-05-29,PRESENT,
307,STU0001,Dorra Sassi,2026-05-28,PRESENT,
350,STU0002,Emna Jebali,2026-05-28,PRESENT,
393,STU0003,Karim Slimani,2026-05-28,PRESENT,
436,STU0004,Emna Chaabane,2026-05-28,PRESENT,
479,STU0005,Emna Ayari,2026-05-28,PRESENT,
522,STU0006,Mariem Chouchane,2026-05-28,PRESENT,
565,STU0007,Zied Sassi,2026-05-28,PRESENT,
608,STU0008,Fares Mejri,2026-05-28,PRESENT,
651,STU0009,Ali Khelifi,2026-05-28,PRESENT,
694,STU0010,Rami Slimani,2026-05-28,PRESENT,
737,STU0011,Amira Maaloul,2026-05-28,PRESENT,
780,STU0012,Mariem Mejri,2026-05-28,PRESENT,
823,STU0013,Mohamed Hamdi,2026-05-28,PRESENT,
866,STU0014,Sarra Maaloul,2026-05-28,PRESENT,
909,STU0015,Dorra Bouzid,2026-05-28,PRESENT,
952,STU0016,Rahma Mejri,2026-05-28,ABSENT,Sick
995,STU0017,Rim Jebali,2026-05-28,PRESENT,
1038,STU0018,Ines Mansouri,2026-05-28,PRESENT,
1081,STU0019,Sarra Chaabane,2026-05-28,PRESENT,
1124,STU0020,Mariem Oueslati,2026-05-28,PRESENT,
1167,STU0021,Hiba Karoui,2026-05-28,PRESENT,
1210,STU0022,Mehdi Bouazizi,2026-05-28,PRESENT,
1253,STU0023,Bilel Karoui,2026-05-28,PRESENT,
1296,STU0024,Amira Hamdi,2026-05-28,PRESENT,
1339,STU0025,Tarek Jebali,2026-05-28,PRESENT,
1382,STU0026,Youssef Chouchane,2026-05-28,PRESENT,
1425,STU0027,Ali Ben Ali,2026-05-28,PRESENT,
1468,STU0028,Hiba Khelifi,2026-05-28,PRESENT,
1511,STU0029,Rami Bouzid,2026-05-28,PRESENT,
1554,STU0030,Amine Dridi,2026-05-28,PRESENT,
308,STU0001,Dorra Sassi,2026-05-27,PRESENT,
351,STU0002,Emna Jebali,2026-05-27,LATE,
394,STU0003,Karim Slimani,2026-05-27,PRESENT,
437,STU0004,Emna Chaabane,2026-05-27,PRESENT,
480,STU0005,Emna Ayari,2026-05-27,LATE,
523,STU0006,Mariem Chouchane,2026-05-27,PRESENT,
566,STU0007,Zied Sassi,2026-05-27,PRESENT,
609,STU0008,Fares Mejri,2026-05-27,PRESENT,
652,STU0009,Ali Khelifi,2026-05-27,PRESENT,
695,STU0010,Rami Slimani,2026-05-27,PRESENT,
738,STU0011,Amira Maaloul,2026-05-27,PRESENT,
781,STU0012,Mariem Mejri,2026-05-27,PRESENT,
824,STU0013,Mohamed Hamdi,2026-05-27,PRESENT,
867,STU0014,Sarra Maaloul,2026-05-27,PRESENT,
910,STU0015,Dorra Bouzid,2026-05-27,PRESENT,
953,STU0016,Rahma Mejri,2026-05-27,PRESENT,
996,STU0017,Rim Jebali,2026-05-27,PRESENT,
1039,STU0018,Ines Mansouri,2026-05-27,PRESENT,
1082,STU0019,Sarra Chaabane,2026-05-27,PRESENT,
1125,STU0020,Mariem Oueslati,2026-05-27,PRESENT,
1168,STU0021,Hiba Karoui,2026-05-27,PRESENT,
1211,STU0022,Mehdi Bouazizi,2026-05-27,LATE,
1254,STU0023,Bilel Karoui,2026-05-27,PRESENT,
1297,STU0024,Amira Hamdi,2026-05-27,PRESENT,
1340,STU0025,Tarek Jebali,2026-05-27,PRESENT,
1383,STU0026,Youssef Chouchane,2026-05-27,PRESENT,
1426,STU0027,Ali Ben Ali,2026-05-27,PRESENT,
1469,STU0028,Hiba Khelifi,2026-05-27,PRESENT,
1512,STU0029,Rami Bouzid,2026-05-27,PRESENT,
1555,STU0030,Amine Dridi,2026-05-27,PRESENT,
309,STU0001,Dorra Sassi,2026-05-26,PRESENT,
352,STU0002,Emna Jebali,2026-05-26,PRESENT,
395,STU0003,Karim Slimani,2026-05-26,PRESENT,
438,STU0004,Emna Chaabane,2026-05-26,PRESENT,
481,STU0005,Emna Ayari,2026-05-26,PRESENT,
524,STU0006,Mariem Chouchane,2026-05-26,PRESENT,
567,STU0007,Zied Sassi,2026-05-26,PRESENT,
610,STU0008,Fares Mejri,2026-05-26,PRESENT,
653,STU0009,Ali Khelifi,2026-05-26,PRESENT,
696,STU0010,Rami Slimani,2026-05-26,PRESENT,
739,STU0011,Amira Maaloul,2026-05-26,PRESENT,
782,STU0012,Mariem Mejri,2026-05-26,ABSENT,
825,STU0013,Mohamed Hamdi,2026-05-26,PRESENT,
868,STU0014,Sarra Maaloul,2026-05-26,PRESENT,
911,STU0015,Dorra Bouzid,2026-05-26,PRESENT,
954,STU0016,Rahma Mejri,2026-05-26,PRESENT,
997,STU0017,Rim Jebali,2026-05-26,ABSENT,
1040,STU0018,Ines Mansouri,2026-05-26,PRESENT,
1083,STU0019,Sarra Chaabane,2026-05-26,PRESENT,
1126,STU0020,Mariem Oueslati,2026-05-26,PRESENT,
1169,STU0021,Hiba Karoui,2026-05-26,LATE,
1212,STU0022,Mehdi Bouazizi,2026-05-26,PRESENT,
1255,STU0023,Bilel Karoui,2026-05-26,PRESENT,
1298,STU0024,Amira Hamdi,2026-05-26,PRESENT,
1341,STU0025,Tarek Jebali,2026-05-26,PRESENT,
1384,STU0026,Youssef Chouchane,2026-05-26,PRESENT,
1427,STU0027,Ali Ben Ali,2026-05-26,PRESENT,
1470,STU0028,Hiba Khelifi,2026-05-26,PRESENT,
1513,STU0029,Rami Bouzid,2026-05-26,PRESENT,
1556,STU0030,Amine Dridi,2026-05-26,PRESENT,
310,STU0001,Dorra Sassi,2026-05-25,ABSENT,
353,STU0002,Emna Jebali,2026-05-25,PRESENT,
396,STU0003,Karim Slimani,2026-05-25,ABSENT,Sick
439,STU0004,Emna Chaabane,2026-05-25,PRESENT,
482,STU0005,Emna Ayari,2026-05-25,PRESENT,
525,STU0006,Mariem Chouchane,2026-05-25,PRESENT,
568,STU0007,Zied Sassi,2026-05-25,ABSENT,Sick
611,STU0008,Fares Mejri,2026-05-25,PRESENT,
654,STU0009,Ali Khelifi,2026-05-25,PRESENT,
697,STU0010,Rami Slimani,2026-05-25,PRESENT,
740,STU0011,Amira Maaloul,2026-05-25,PRESENT,
783,STU0012,Mariem Mejri,2026-05-25,PRESENT,
826,STU0013,Mohamed Hamdi,2026-05-25,PRESENT,
869,STU0014,Sarra Maaloul,2026-05-25,PRESENT,
912,STU0015,Dorra Bouzid,2026-05-25,PRESENT,
955,STU0016,Rahma Mejri,2026-05-25,PRESENT,
998,STU0017,Rim Jebali,2026-05-25,PRESENT,
1041,STU0018,Ines Mansouri,2026-05-25,ABSENT,
1084,STU0019,Sarra Chaabane,2026-05-25,ABSENT,Sick
1127,STU0020,Mariem Oueslati,2026-05-25,PRESENT,
1170,STU0021,Hiba Karoui,2026-05-25,PRESENT,
1213,STU0022,Mehdi Bouazizi,2026-05-25,PRESENT,
1256,STU0023,Bilel Karoui,2026-05-25,PRESENT,
1299,STU0024,Amira Hamdi,2026-05-25,PRESENT,
1342,STU0025,Tarek Jebali,2026-05-25,PRESENT,
1385,STU0026,Youssef Chouchane,2026-05-25,PRESENT,
1428,STU0027,Ali Ben Ali,2026-05-25,ABSENT,
1471,STU0028,Hiba Khelifi,2026-05-25,PRESENT,
1514,STU0029,Rami Bouzid,2026-05-25,PRESENT,
1557,STU0030,Amine Dridi,2026-05-25,PRESENT,
311,STU0001,Dorra Sassi,2026-05-22,PRESENT,
354,STU0002,Emna Jebali,2026-05-22,PRESENT,
397,STU0003,Karim Slimani,2026-05-22,PRESENT,
440,STU0004,Emna Chaabane,2026-05-22,PRESENT,
483,STU0005,Emna Ayari,2026-05-22,ABSENT,
526,STU0006,Mariem Chouchane,2026-05-22,PRESENT,
569,STU0007,Zied Sassi,2026-05-22,PRESENT,
612,STU0008,Fares Mejri,2026-05-22,PRESENT,
655,STU0009,Ali Khelifi,2026-05-22,PRESENT,
698,STU0010,Rami Slimani,2026-05-22,PRESENT,
741,STU0011,Amira Maaloul,2026-05-22,PRESENT,
784,STU0012,Mariem Mejri,2026-05-22,PRESENT,
827,STU0013,Mohamed Hamdi,2026-05-22,PRESENT,
870,STU0014,Sarra Maaloul,2026-05-22,PRESENT,
913,STU0015,Dorra Bouzid,2026-05-22,ABSENT,Sick
956,STU0016,Rahma Mejri,2026-05-22,PRESENT,
999,STU0017,Rim Jebali,2026-05-22,PRESENT,
1042,STU0018,Ines Mansouri,2026-05-22,LATE,
1085,STU0019,Sarra Chaabane,2026-05-22,PRESENT,
1128,STU0020,Mariem Oueslati,2026-05-22,PRESENT,
1171,STU0021,Hiba Karoui,2026-05-22,PRESENT,
1214,STU0022,Mehdi Bouazizi,2026-05-22,PRESENT,
1257,STU0023,Bilel Karoui,2026-05-22,PRESENT,
1300,STU0024,Amira Hamdi,2026-05-22,PRESENT,
1343,STU0025,Tarek Jebali,2026-05-22,PRESENT,
1386,STU0026,Youssef Chouchane,2026-05-22,PRESENT,
1429,STU0027,Ali Ben Ali,2026-05-22,PRESENT,
1472,STU0028,Hiba Khelifi,2026-05-22,PRESENT,
1515,STU0029,Rami Bouzid,2026-05-22,LATE,
1558,STU0030,Amine Dridi,2026-05-22,ABSENT,Sick
312,STU0001,Dorra Sassi,2026-05-21,PRESENT,
355,STU0002,Emna Jebali,2026-05-21,PRESENT,
398,STU0003,Karim Slimani,2026-05-21,LATE,
441,STU0004,Emna Chaabane,2026-05-21,PRESENT,
484,STU0005,Emna Ayari,2026-05-21,PRESENT,
527,STU0006,Mariem Chouchane,2026-05-21,PRESENT,
570,STU0007,Zied Sassi,2026-05-21,PRESENT,
613,STU0008,Fares Mejri,2026-05-21,PRESENT,
656,STU0009,Ali Khelifi,2026-05-21,PRESENT,
699,STU0010,Rami Slimani,2026-05-21,PRESENT,
742,STU0011,Amira Maaloul,2026-05-21,ABSENT,Sick
785,STU0012,Mariem Mejri,2026-05-21,PRESENT,
828,STU0013,Mohamed Hamdi,2026-05-21,PRESENT,
871,STU0014,Sarra Maaloul,2026-05-21,ABSENT,
914,STU0015,Dorra Bouzid,2026-05-21,PRESENT,
957,STU0016,Rahma Mejri,2026-05-21,PRESENT,
1000,STU0017,Rim Jebali,2026-05-21,PRESENT,
1043,STU0018,Ines Mansouri,2026-05-21,PRESENT,
1086,STU0019,Sarra Chaabane,2026-05-21,PRESENT,
1129,STU0020,Mariem Oueslati,2026-05-21,PRESENT,
1172,STU0021,Hiba Karoui,2026-05-21,ABSENT,Sick
1215,STU0022,Mehdi Bouazizi,2026-05-21,PRESENT,
1258,STU0023,Bilel Karoui,2026-05-21,PRESENT,
1301,STU0024,Amira Hamdi,2026-05-21,PRESENT,
1344,STU0025,Tarek Jebali,2026-05-21,PRESENT,
1387,STU0026,Youssef Chouchane,2026-05-21,PRESENT,
1430,STU0027,Ali Ben Ali,2026-05-21,PRESENT,
1473,STU0028,Hiba Khelifi,2026-05-21,PRESENT,
1516,STU0029,Rami Bouzid,2026-05-21,PRESENT,
1559,STU0030,Amine Dridi,2026-05-21,PRESENT,
313,STU0001,Dorra Sassi,2026-05-20,PRESENT,
356,STU0002,Emna Jebali,2026-05-20,ABSENT,Sick
399,STU0003,Karim Slimani,2026-05-20,PRESENT,
442,STU0004,Emna Chaabane,2026-05-20,PRESENT,
485,STU0005,Emna Ayari,2026-05-20,ABSENT,
528,STU0006,Mariem Chouchane,2026-05-20,PRESENT,
571,STU0007,Zied Sassi,2026-05-20,PRESENT,
614,STU0008,Fares Mejri,2026-05-20,PRESENT,
657,STU0009,Ali Khelifi,2026-05-20,PRESENT,
700,STU0010,Rami Slimani,2026-05-20,PRESENT,
743,STU0011,Amira Maaloul,2026-05-20,PRESENT,
786,STU0012,Mariem Mejri,2026-05-20,PRESENT,
829,STU0013,Mohamed Hamdi,2026-05-20,PRESENT,
872,STU0014,Sarra Maaloul,2026-05-20,PRESENT,
915,STU0015,Dorra Bouzid,2026-05-20,ABSENT,Sick
958,STU0016,Rahma Mejri,2026-05-20,PRESENT,
1001,STU0017,Rim Jebali,2026-05-20,PRESENT,
1044,STU0018,Ines Mansouri,2026-05-20,PRESENT,
1087,STU0019,Sarra Chaabane,2026-05-20,PRESENT,
1130,STU0020,Mariem Oueslati,2026-05-20,PRESENT,
1173,STU0021,Hiba Karoui,2026-05-20,PRESENT,
1216,STU0022,Mehdi Bouazizi,2026-05-20,PRESENT,
1259,STU0023,Bilel Karoui,2026-05-20,PRESENT,
1302,STU0024,Amira Hamdi,2026-05-20,ABSENT,Sick
1345,STU0025,Tarek Jebali,2026-05-20,LATE,
1388,STU0026,Youssef Chouchane,2026-05-20,PRESENT,
1431,STU0027,Ali Ben Ali,2026-05-20,PRESENT,
1474,STU0028,Hiba Khelifi,2026-05-20,PRESENT,
1517,STU0029,Rami Bouzid,2026-05-20,PRESENT,
1560,STU0030,Amine Dridi,2026-05-20,PRESENT,
314,STU0001,Dorra Sassi,2026-05-19,PRESENT,
357,STU0002,Emna Jebali,2026-05-19,PRESENT,
400,STU0003,Karim Slimani,2026-05-19,PRESENT,
443,STU0004,Emna Chaabane,2026-05-19,PRESENT,
486,STU0005,Emna Ayari,2026-05-19,ABSENT,Sick
529,STU0006,Mariem Chouchane,2026-05-19,PRESENT,
572,STU0007,Zied Sassi,2026-05-19,PRESENT,
615,STU0008,Fares Mejri,2026-05-19,PRESENT,
658,STU0009,Ali Khelifi,2026-05-19,PRESENT,
701,STU0010,Rami Slimani,2026-05-19,PRESENT,
744,STU0011,Amira Maaloul,2026-05-19,PRESENT,
787,STU0012,Mariem Mejri,2026-05-19,PRESENT,
830,STU0013,Mohamed Hamdi,2026-05-19,PRESENT,
873,STU0014,Sarra Maaloul,2026-05-19,PRESENT,
916,STU0015,Dorra Bouzid,2026-05-19,PRESENT,
959,STU0016,Rahma Mejri,2026-05-19,ABSENT,Sick
1002,STU0017,Rim Jebali,2026-05-19,PRESENT,
1045,STU0018,Ines Mansouri,2026-05-19,ABSENT,
1088,STU0019,Sarra Chaabane,2026-05-19,PRESENT,
1131,STU0020,Mariem Oueslati,2026-05-19,PRESENT,
1174,STU0021,Hiba Karoui,2026-05-19,ABSENT,Sick
1217,STU0022,Mehdi Bouazizi,2026-05-19,ABSENT,Sick
1260,STU0023,Bilel Karoui,2026-05-19,PRESENT,
1303,STU0024,Amira Hamdi,2026-05-19,PRESENT,
1346,STU0025,Tarek Jebali,2026-05-19,PRESENT,
1389,STU0026,Youssef Chouchane,2026-05-19,PRESENT,
1432,STU0027,Ali Ben Ali,2026-05-19,ABSENT,
1475,STU0028,Hiba Khelifi,2026-05-19,LATE,
1518,STU0029,Rami Bouzid,2026-05-19,PRESENT,
1561,STU0030,Amine Dridi,2026-05-19,PRESENT,
315,STU0001,Dorra Sassi,2026-05-18,PRESENT,
358,STU0002,Emna Jebali,2026-05-18,PRESENT,
401,STU0003,Karim Slimani,2026-05-18,PRESENT,
444,STU0004,Emna Chaabane,2026-05-18,PRESENT,
487,STU0005,Emna Ayari,2026-05-18,PRESENT,
530,STU0006,Mariem Chouchane,2026-05-18,PRESENT,
573,STU0007,Zied Sassi,2026-05-18,PRESENT,
616,STU0008,Fares Mejri,2026-05-18,PRESENT,
659,STU0009,Ali Khelifi,2026-05-18,PRESENT,
702,STU0010,Rami Slimani,2026-05-18,PRESENT,
745,STU0011,Amira Maaloul,2026-05-18,ABSENT,Sick
788,STU0012,Mariem Mejri,2026-05-18,PRESENT,
831,STU0013,Mohamed Hamdi,2026-05-18,PRESENT,
874,STU0014,Sarra Maaloul,2026-05-18,LATE,
917,STU0015,Dorra Bouzid,2026-05-18,LATE,
960,STU0016,Rahma Mejri,2026-05-18,PRESENT,
1003,STU0017,Rim Jebali,2026-05-18,PRESENT,
1046,STU0018,Ines Mansouri,2026-05-18,PRESENT,
1089,STU0019,Sarra Chaabane,2026-05-18,PRESENT,
1132,STU0020,Mariem Oueslati,2026-05-18,ABSENT,
1175,STU0021,Hiba Karoui,2026-05-18,PRESENT,
1218,STU0022,Mehdi Bouazizi,2026-05-18,PRESENT,
1261,STU0023,Bilel Karoui,2026-05-18,PRESENT,
1304,STU0024,Amira Hamdi,2026-05-18,PRESENT,
1347,STU0025,Tarek Jebali,2026-05-18,PRESENT,
1390,STU0026,Youssef Chouchane,2026-05-18,PRESENT,
1433,STU0027,Ali Ben Ali,2026-05-18,PRESENT,
1476,STU0028,Hiba Khelifi,2026-05-18,PRESENT,
1519,STU0029,Rami Bouzid,2026-05-18,PRESENT,
1562,STU0030,Amine Dridi,2026-05-18,PRESENT,
316,STU0001,Dorra Sassi,2026-05-15,PRESENT,
359,STU0002,Emna Jebali,2026-05-15,LATE,
402,STU0003,Karim Slimani,2026-05-15,PRESENT,
445,STU0004,Emna Chaabane,2026-05-15,PRESENT,
488,STU0005,Emna Ayari,2026-05-15,PRESENT,
531,STU0006,Mariem Chouchane,2026-05-15,PRESENT,
574,STU0007,Zied Sassi,2026-05-15,PRESENT,
617,STU0008,Fares Mejri,2026-05-15,ABSENT,Sick
660,STU0009,Ali Khelifi,2026-05-15,PRESENT,
703,STU0010,Rami Slimani,2026-05-15,PRESENT,
746,STU0011,Amira Maaloul,2026-05-15,PRESENT,
789,STU0012,Mariem Mejri,2026-05-15,PRESENT,
832,STU0013,Mohamed Hamdi,2026-05-15,PRESENT,
875,STU0014,Sarra Maaloul,2026-05-15,PRESENT,
918,STU0015,Dorra Bouzid,2026-05-15,PRESENT,
961,STU0016,Rahma Mejri,2026-05-15,PRESENT,
1004,STU0017,Rim Jebali,2026-05-15,PRESENT,
1047,STU0018,Ines Mansouri,2026-05-15,PRESENT,
1090,STU0019,Sarra Chaabane,2026-05-15,PRESENT,
1133,STU0020,Mariem Oueslati,2026-05-15,PRESENT,
1176,STU0021,Hiba Karoui,2026-05-15,PRESENT,
1219,STU0022,Mehdi Bouazizi,2026-05-15,PRESENT,
1262,STU0023,Bilel Karoui,2026-05-15,PRESENT,
1305,STU0024,Amira Hamdi,2026-05-15,PRESENT,
1348,STU0025,Tarek Jebali,2026-05-15,PRESENT,
1391,STU0026,Youssef Chouchane,2026-05-15,PRESENT,
1434,STU0027,Ali Ben Ali,2026-05-15,PRESENT,
1477,STU0028,Hiba Khelifi,2026-05-15,PRESENT,
1520,STU0029,Rami Bouzid,2026-05-15,PRESENT,
1563,STU0030,Amine Dridi,2026-05-15,PRESENT,
317,STU0001,Dorra Sassi,2026-05-14,PRESENT,
360,STU0002,Emna Jebali,2026-05-14,PRESENT,
403,STU0003,Karim Slimani,2026-05-14,PRESENT,
446,STU0004,Emna Chaabane,2026-05-14,ABSENT,Sick
489,STU0005,Emna Ayari,2026-05-14,PRESENT,
532,STU0006,Mariem Chouchane,2026-05-14,LATE,
575,STU0007,Zied Sassi,2026-05-14,PRESENT,
618,STU0008,Fares Mejri,2026-05-14,PRESENT,
661,STU0009,Ali Khelifi,2026-05-14,PRESENT,
704,STU0010,Rami Slimani,2026-05-14,ABSENT,Sick
747,STU0011,Amira Maaloul,2026-05-14,PRESENT,
790,STU0012,Mariem Mejri,2026-05-14,PRESENT,
833,STU0013,Mohamed Hamdi,2026-05-14,PRESENT,
876,STU0014,Sarra Maaloul,2026-05-14,PRESENT,
919,STU0015,Dorra Bouzid,2026-05-14,ABSENT,Sick
962,STU0016,Rahma Mejri,2026-05-14,PRESENT,
1005,STU0017,Rim Jebali,2026-05-14,PRESENT,
1048,STU0018,Ines Mansouri,2026-05-14,PRESENT,
1091,STU0019,Sarra Chaabane,2026-05-14,PRESENT,
1134,STU0020,Mariem Oueslati,2026-05-14,PRESENT,
1177,STU0021,Hiba Karoui,2026-05-14,PRESENT,
1220,STU0022,Mehdi Bouazizi,2026-05-14,PRESENT,
1263,STU0023,Bilel Karoui,2026-05-14,PRESENT,
1306,STU0024,Amira Hamdi,2026-05-14,PRESENT,
1349,STU0025,Tarek Jebali,2026-05-14,ABSENT,Sick
1392,STU0026,Youssef Chouchane,2026-05-14,PRESENT,
1435,STU0027,Ali Ben Ali,2026-05-14,PRESENT,
1478,STU0028,Hiba Khelifi,2026-05-14,LATE,
1521,STU0029,Rami Bouzid,2026-05-14,PRESENT,
1564,STU0030,Amine Dridi,2026-05-14,PRESENT,
318,STU0001,Dorra Sassi,2026-05-13,PRESENT,
361,STU0002,Emna Jebali,2026-05-13,PRESENT,
404,STU0003,Karim Slimani,2026-05-13,PRESENT,
447,STU0004,Emna Chaabane,2026-05-13,PRESENT,
490,STU0005,Emna Ayari,2026-05-13,PRESENT,
533,STU0006,Mariem Chouchane,2026-05-13,PRESENT,
576,STU0007,Zied Sassi,2026-05-13,PRESENT,
619,STU0008,Fares Mejri,2026-05-13,LATE,
662,STU0009,Ali Khelifi,2026-05-13,PRESENT,
705,STU0010,Rami Slimani,2026-05-13,PRESENT,
748,STU0011,Amira Maaloul,2026-05-13,ABSENT,Sick
791,STU0012,Mariem Mejri,2026-05-13,PRESENT,
834,STU0013,Mohamed Hamdi,2026-05-13,PRESENT,
877,STU0014,Sarra Maaloul,2026-05-13,ABSENT,Sick
920,STU0015,Dorra Bouzid,2026-05-13,PRESENT,
963,STU0016,Rahma Mejri,2026-05-13,PRESENT,
1006,STU0017,Rim Jebali,2026-05-13,PRESENT,
1049,STU0018,Ines Mansouri,2026-05-13,PRESENT,
1092,STU0019,Sarra Chaabane,2026-05-13,PRESENT,
1135,STU0020,Mariem Oueslati,2026-05-13,PRESENT,
1178,STU0021,Hiba Karoui,2026-05-13,PRESENT,
1221,STU0022,Mehdi Bouazizi,2026-05-13,PRESENT,
1264,STU0023,Bilel Karoui,2026-05-13,PRESENT,
1307,STU0024,Amira Hamdi,2026-05-13,PRESENT,
1350,STU0025,Tarek Jebali,2026-05-13,LATE,
1393,STU0026,Youssef Chouchane,2026-05-13,PRESENT,
1436,STU0027,Ali Ben Ali,2026-05-13,PRESENT,
1479,STU0028,Hiba Khelifi,2026-05-13,PRESENT,
1522,STU0029,Rami Bouzid,2026-05-13,PRESENT,
1565,STU0030,Amine Dridi,2026-05-13,PRESENT,
319,STU0001,Dorra Sassi,2026-05-12,ABSENT,Sick
362,STU0002,Emna Jebali,2026-05-12,PRESENT,
405,STU0003,Karim Slimani,2026-05-12,PRESENT,
448,STU0004,Emna Chaabane,2026-05-12,PRESENT,
491,STU0005,Emna Ayari,2026-05-12,PRESENT,
534,STU0006,Mariem Chouchane,2026-05-12,PRESENT,
577,STU0007,Zied Sassi,2026-05-12,PRESENT,
620,STU0008,Fares Mejri,2026-05-12,PRESENT,
663,STU0009,Ali Khelifi,2026-05-12,PRESENT,
706,STU0010,Rami Slimani,2026-05-12,PRESENT,
749,STU0011,Amira Maaloul,2026-05-12,PRESENT,
792,STU0012,Mariem Mejri,2026-05-12,PRESENT,
835,STU0013,Mohamed Hamdi,2026-05-12,PRESENT,
878,STU0014,Sarra Maaloul,2026-05-12,PRESENT,
921,STU0015,Dorra Bouzid,2026-05-12,PRESENT,
964,STU0016,Rahma Mejri,2026-05-12,PRESENT,
1007,STU0017,Rim Jebali,2026-05-12,LATE,
1050,STU0018,Ines Mansouri,2026-05-12,PRESENT,
1093,STU0019,Sarra Chaabane,2026-05-12,PRESENT,
1136,STU0020,Mariem Oueslati,2026-05-12,PRESENT,
1179,STU0021,Hiba Karoui,2026-05-12,PRESENT,
1222,STU0022,Mehdi Bouazizi,2026-05-12,PRESENT,
1265,STU0023,Bilel Karoui,2026-05-12,PRESENT,
1308,STU0024,Amira Hamdi,2026-05-12,PRESENT,
1351,STU0025,Tarek Jebali,2026-05-12,PRESENT,
1394,STU0026,Youssef Chouchane,2026-05-12,PRESENT,
1437,STU0027,Ali Ben Ali,2026-05-12,ABSENT,
1480,STU0028,Hiba Khelifi,2026-05-12,PRESENT,
1523,STU0029,Rami Bouzid,2026-05-12,PRESENT,
1566,STU0030,Amine Dridi,2026-05-12,PRESENT,
320,STU0001,Dorra Sassi,2026-05-11,PRESENT,
363,STU0002,Emna Jebali,2026-05-11,PRESENT,
406,STU0003,Karim Slimani,2026-05-11,PRESENT,
449,STU0004,Emna Chaabane,2026-05-11,ABSENT,Sick
492,STU0005,Emna Ayari,2026-05-11,PRESENT,
535,STU0006,Mariem Chouchane,2026-05-11,PRESENT,
578,STU0007,Zied Sassi,2026-05-11,PRESENT,
621,STU0008,Fares Mejri,2026-05-11,LATE,
664,STU0009,Ali Khelifi,2026-05-11,PRESENT,
707,STU0010,Rami Slimani,2026-05-11,LATE,
750,STU0011,Amira Maaloul,2026-05-11,PRESENT,
793,STU0012,Mariem Mejri,2026-05-11,PRESENT,
836,STU0013,Mohamed Hamdi,2026-05-11,PRESENT,
879,STU0014,Sarra Maaloul,2026-05-11,PRESENT,
922,STU0015,Dorra Bouzid,2026-05-11,PRESENT,
965,STU0016,Rahma Mejri,2026-05-11,PRESENT,
1008,STU0017,Rim Jebali,2026-05-11,PRESENT,
1051,STU0018,Ines Mansouri,2026-05-11,PRESENT,
1094,STU0019,Sarra Chaabane,2026-05-11,LATE,
1137,STU0020,Mariem Oueslati,2026-05-11,PRESENT,
1180,STU0021,Hiba Karoui,2026-05-11,ABSENT,
1223,STU0022,Mehdi Bouazizi,2026-05-11,PRESENT,
1266,STU0023,Bilel Karoui,2026-05-11,LATE,
1309,STU0024,Amira Hamdi,2026-05-11,PRESENT,
1352,STU0025,Tarek Jebali,2026-05-11,PRESENT,
1395,STU0026,Youssef Chouchane,2026-05-11,PRESENT,
1438,STU0027,Ali Ben Ali,2026-05-11,PRESENT,
1481,STU0028,Hiba Khelifi,2026-05-11,PRESENT,
1524,STU0029,Rami Bouzid,2026-05-11,PRESENT,
1567,STU0030,Amine Dridi,2026-05-11,PRESENT,
321,STU0001,Dorra Sassi,2026-05-08,PRESENT,
364,STU0002,Emna Jebali,2026-05-08,PRESENT,
407,STU0003,Karim Slimani,2026-05-08,PRESENT,
450,STU0004,Emna Chaabane,2026-05-08,PRESENT,
493,STU0005,Emna Ayari,2026-05-08,PRESENT,
536,STU0006,Mariem Chouchane,2026-05-08,PRESENT,
579,STU0007,Zied Sassi,2026-05-08,PRESENT,
622,STU0008,Fares Mejri,2026-05-08,PRESENT,
665,STU0009,Ali Khelifi,2026-05-08,PRESENT,
708,STU0010,Rami Slimani,2026-05-08,PRESENT,
751,STU0011,Amira Maaloul,2026-05-08,ABSENT,Sick
794,STU0012,Mariem Mejri,2026-05-08,PRESENT,
837,STU0013,Mohamed Hamdi,2026-05-08,PRESENT,
880,STU0014,Sarra Maaloul,2026-05-08,PRESENT,
923,STU0015,Dorra Bouzid,2026-05-08,PRESENT,
966,STU0016,Rahma Mejri,2026-05-08,PRESENT,
1009,STU0017,Rim Jebali,2026-05-08,PRESENT,
1052,STU0018,Ines Mansouri,2026-05-08,ABSENT,
1095,STU0019,Sarra Chaabane,2026-05-08,PRESENT,
1138,STU0020,Mariem Oueslati,2026-05-08,PRESENT,
1181,STU0021,Hiba Karoui,2026-05-08,PRESENT,
1224,STU0022,Mehdi Bouazizi,2026-05-08,PRESENT,
1267,STU0023,Bilel Karoui,2026-05-08,PRESENT,
1310,STU0024,Amira Hamdi,2026-05-08,PRESENT,
1353,STU0025,Tarek Jebali,2026-05-08,PRESENT,
1396,STU0026,Youssef Chouchane,2026-05-08,PRESENT,
1439,STU0027,Ali Ben Ali,2026-05-08,PRESENT,
1482,STU0028,Hiba Khelifi,2026-05-08,PRESENT,
1525,STU0029,Rami Bouzid,2026-05-08,PRESENT,
1568,STU0030,Amine Dridi,2026-05-08,PRESENT,
322,STU0001,Dorra Sassi,2026-05-07,PRESENT,
365,STU0002,Emna Jebali,2026-05-07,PRESENT,
408,STU0003,Karim Slimani,2026-05-07,PRESENT,
451,STU0004,Emna Chaabane,2026-05-07,PRESENT,
494,STU0005,Emna Ayari,2026-05-07,ABSENT,
537,STU0006,Mariem Chouchane,2026-05-07,PRESENT,
580,STU0007,Zied Sassi,2026-05-07,PRESENT,
623,STU0008,Fares Mejri,2026-05-07,PRESENT,
666,STU0009,Ali Khelifi,2026-05-07,PRESENT,
709,STU0010,Rami Slimani,2026-05-07,PRESENT,
752,STU0011,Amira Maaloul,2026-05-07,PRESENT,
795,STU0012,Mariem Mejri,2026-05-07,PRESENT,
838,STU0013,Mohamed Hamdi,2026-05-07,PRESENT,
881,STU0014,Sarra Maaloul,2026-05-07,PRESENT,
924,STU0015,Dorra Bouzid,2026-05-07,PRESENT,
967,STU0016,Rahma Mejri,2026-05-07,PRESENT,
1010,STU0017,Rim Jebali,2026-05-07,PRESENT,
1053,STU0018,Ines Mansouri,2026-05-07,PRESENT,
1096,STU0019,Sarra Chaabane,2026-05-07,PRESENT,
1139,STU0020,Mariem Oueslati,2026-05-07,PRESENT,
1182,STU0021,Hiba Karoui,2026-05-07,PRESENT,
1225,STU0022,Mehdi Bouazizi,2026-05-07,PRESENT,
1268,STU0023,Bilel Karoui,2026-05-07,PRESENT,
1311,STU0024,Amira Hamdi,2026-05-07,PRESENT,
1354,STU0025,Tarek Jebali,2026-05-07,PRESENT,
1397,STU0026,Youssef Chouchane,2026-05-07,PRESENT,
1440,STU0027,Ali Ben Ali,2026-05-07,PRESENT,
1483,STU0028,Hiba Khelifi,2026-05-07,PRESENT,
1526,STU0029,Rami Bouzid,2026-05-07,PRESENT,
1569,STU0030,Amine Dridi,2026-05-07,PRESENT,
323,STU0001,Dorra Sassi,2026-05-06,PRESENT,
366,STU0002,Emna Jebali,2026-05-06,PRESENT,
409,STU0003,Karim Slimani,2026-05-06,PRESENT,
452,STU0004,Emna Chaabane,2026-05-06,PRESENT,
495,STU0005,Emna Ayari,2026-05-06,PRESENT,
538,STU0006,Mariem Chouchane,2026-05-06,PRESENT,
581,STU0007,Zied Sassi,2026-05-06,PRESENT,
624,STU0008,Fares Mejri,2026-05-06,PRESENT,
667,STU0009,Ali Khelifi,2026-05-06,PRESENT,
710,STU0010,Rami Slimani,2026-05-06,PRESENT,
753,STU0011,Amira Maaloul,2026-05-06,PRESENT,
796,STU0012,Mariem Mejri,2026-05-06,PRESENT,
839,STU0013,Mohamed Hamdi,2026-05-06,PRESENT,
882,STU0014,Sarra Maaloul,2026-05-06,PRESENT,
925,STU0015,Dorra Bouzid,2026-05-06,PRESENT,
968,STU0016,Rahma Mejri,2026-05-06,PRESENT,
1011,STU0017,Rim Jebali,2026-05-06,PRESENT,
1054,STU0018,Ines Mansouri,2026-05-06,PRESENT,
1097,STU0019,Sarra Chaabane,2026-05-06,PRESENT,
1140,STU0020,Mariem Oueslati,2026-05-06,PRESENT,
1183,STU0021,Hiba Karoui,2026-05-06,LATE,
1226,STU0022,Mehdi Bouazizi,2026-05-06,PRESENT,
1269,STU0023,Bilel Karoui,2026-05-06,PRESENT,
1312,STU0024,Amira Hamdi,2026-05-06,PRESENT,
1355,STU0025,Tarek Jebali,2026-05-06,PRESENT,
1398,STU0026,Youssef Chouchane,2026-05-06,PRESENT,
1441,STU0027,Ali Ben Ali,2026-05-06,PRESENT,
1484,STU0028,Hiba Khelifi,2026-05-06,PRESENT,
1527,STU0029,Rami Bouzid,2026-05-06,PRESENT,
1570,STU0030,Amine Dridi,2026-05-06,PRESENT,
324,STU0001,Dorra Sassi,2026-05-05,PRESENT,
367,STU0002,Emna Jebali,2026-05-05,PRESENT,
410,STU0003,Karim Slimani,2026-05-05,LATE,
453,STU0004,Emna Chaabane,2026-05-05,PRESENT,
496,STU0005,Emna Ayari,2026-05-05,PRESENT,
539,STU0006,Mariem Chouchane,2026-05-05,PRESENT,
582,STU0007,Zied Sassi,2026-05-05,PRESENT,
625,STU0008,Fares Mejri,2026-05-05,PRESENT,
668,STU0009,Ali Khelifi,2026-05-05,LATE,
711,STU0010,Rami Slimani,2026-05-05,PRESENT,
754,STU0011,Amira Maaloul,2026-05-05,PRESENT,
797,STU0012,Mariem Mejri,2026-05-05,PRESENT,
840,STU0013,Mohamed Hamdi,2026-05-05,PRESENT,
883,STU0014,Sarra Maaloul,2026-05-05,PRESENT,
926,STU0015,Dorra Bouzid,2026-05-05,ABSENT,
969,STU0016,Rahma Mejri,2026-05-05,ABSENT,
1012,STU0017,Rim Jebali,2026-05-05,ABSENT,
1055,STU0018,Ines Mansouri,2026-05-05,PRESENT,
1098,STU0019,Sarra Chaabane,2026-05-05,PRESENT,
1141,STU0020,Mariem Oueslati,2026-05-05,PRESENT,
1184,STU0021,Hiba Karoui,2026-05-05,PRESENT,
1227,STU0022,Mehdi Bouazizi,2026-05-05,PRESENT,
1270,STU0023,Bilel Karoui,2026-05-05,PRESENT,
1313,STU0024,Amira Hamdi,2026-05-05,PRESENT,
1356,STU0025,Tarek Jebali,2026-05-05,PRESENT,
1399,STU0026,Youssef Chouchane,2026-05-05,PRESENT,
1442,STU0027,Ali Ben Ali,2026-05-05,PRESENT,
1485,STU0028,Hiba Khelifi,2026-05-05,PRESENT,
1528,STU0029,Rami Bouzid,2026-05-05,PRESENT,
1571,STU0030,Amine Dridi,2026-05-05,ABSENT,Sick
325,STU0001,Dorra Sassi,2026-05-04,PRESENT,
368,STU0002,Emna Jebali,2026-05-04,PRESENT,
411,STU0003,Karim Slimani,2026-05-04,PRESENT,
454,STU0004,Emna Chaabane,2026-05-04,PRESENT,
497,STU0005,Emna Ayari,2026-05-04,PRESENT,
540,STU0006,Mariem Chouchane,2026-05-04,PRESENT,
583,STU0007,Zied Sassi,2026-05-04,ABSENT,Sick
626,STU0008,Fares Mejri,2026-05-04,PRESENT,
669,STU0009,Ali Khelifi,2026-05-04,PRESENT,
712,STU0010,Rami Slimani,2026-05-04,PRESENT,
755,STU0011,Amira Maaloul,2026-05-04,PRESENT,
798,STU0012,Mariem Mejri,2026-05-04,PRESENT,
841,STU0013,Mohamed Hamdi,2026-05-04,PRESENT,
884,STU0014,Sarra Maaloul,2026-05-04,PRESENT,
927,STU0015,Dorra Bouzid,2026-05-04,PRESENT,
970,STU0016,Rahma Mejri,2026-05-04,PRESENT,
1013,STU0017,Rim Jebali,2026-05-04,ABSENT,Sick
1056,STU0018,Ines Mansouri,2026-05-04,LATE,
1099,STU0019,Sarra Chaabane,2026-05-04,PRESENT,
1142,STU0020,Mariem Oueslati,2026-05-04,PRESENT,
1185,STU0021,Hiba Karoui,2026-05-04,ABSENT,Sick
1228,STU0022,Mehdi Bouazizi,2026-05-04,LATE,
1271,STU0023,Bilel Karoui,2026-05-04,PRESENT,
1314,STU0024,Amira Hamdi,2026-05-04,PRESENT,
1357,STU0025,Tarek Jebali,2026-05-04,PRESENT,
1400,STU0026,Youssef Chouchane,2026-05-04,ABSENT,Sick
1443,STU0027,Ali Ben Ali,2026-05-04,PRESENT,
1486,STU0028,Hiba Khelifi,2026-05-04,LATE,
1529,STU0029,Rami Bouzid,2026-05-04,PRESENT,
1572,STU0030,Amine Dridi,2026-05-04,PRESENT,
326,STU0001,Dorra Sassi,2026-05-01,PRESENT,
369,STU0002,Emna Jebali,2026-05-01,PRESENT,
412,STU0003,Karim Slimani,2026-05-01,PRESENT,
455,STU0004,Emna Chaabane,2026-05-01,PRESENT,
498,STU0005,Emna Ayari,2026-05-01,PRESENT,
541,STU0006,Mariem Chouchane,2026-05-01,PRESENT,
584,STU0007,Zied Sassi,2026-05-01,PRESENT,
627,STU0008,Fares Mejri,2026-05-01,PRESENT,
670,STU0009,Ali Khelifi,2026-05-01,PRESENT,
713,STU0010,Rami Slimani,2026-05-01,PRESENT,
756,STU0011,Amira Maaloul,2026-05-01,PRESENT,
799,STU0012,Mariem Mejri,2026-05-01,LATE,
842,STU0013,Mohamed Hamdi,2026-05-01,PRESENT,
885,STU0014,Sarra Maaloul,2026-05-01,PRESENT,
928,STU0015,Dorra Bouzid,2026-05-01,PRESENT,
971,STU0016,Rahma Mejri,2026-05-01,PRESENT,
1014,STU0017,Rim Jebali,2026-05-01,PRESENT,
1057,STU0018,Ines Mansouri,2026-05-01,PRESENT,
1100,STU0019,Sarra Chaabane,2026-05-01,PRESENT,
1143,STU0020,Mariem Oueslati,2026-05-01,PRESENT,
1186,STU0021,Hiba Karoui,2026-05-01,PRESENT,
1229,STU0022,Mehdi Bouazizi,2026-05-01,PRESENT,
1272,STU0023,Bilel Karoui,2026-05-01,PRESENT,
1315,STU0024,Amira Hamdi,2026-05-01,PRESENT,
1358,STU0025,Tarek Jebali,2026-05-01,ABSENT,Sick
1401,STU0026,Youssef Chouchane,2026-05-01,PRESENT,
1444,STU0027,Ali Ben Ali,2026-05-01,PRESENT,
1487,STU0028,Hiba Khelifi,2026-05-01,PRESENT,
1530,STU0029,Rami Bouzid,2026-05-01,PRESENT,
1573,STU0030,Amine Dridi,2026-05-01,PRESENT,
327,STU0001,Dorra Sassi,2026-04-30,PRESENT,
370,STU0002,Emna Jebali,2026-04-30,PRESENT,
413,STU0003,Karim Slimani,2026-04-30,PRESENT,
456,STU0004,Emna Chaabane,2026-04-30,ABSENT,
499,STU0005,Emna Ayari,2026-04-30,PRESENT,
542,STU0006,Mariem Chouchane,2026-04-30,PRESENT,
585,STU0007,Zied Sassi,2026-04-30,PRESENT,
628,STU0008,Fares Mejri,2026-04-30,PRESENT,
671,STU0009,Ali Khelifi,2026-04-30,PRESENT,
714,STU0010,Rami Slimani,2026-04-30,ABSENT,
757,STU0011,Amira Maaloul,2026-04-30,LATE,
800,STU0012,Mariem Mejri,2026-04-30,LATE,
843,STU0013,Mohamed Hamdi,2026-04-30,PRESENT,
886,STU0014,Sarra Maaloul,2026-04-30,PRESENT,
929,STU0015,Dorra Bouzid,2026-04-30,LATE,
972,STU0016,Rahma Mejri,2026-04-30,PRESENT,
1015,STU0017,Rim Jebali,2026-04-30,PRESENT,
1058,STU0018,Ines Mansouri,2026-04-30,PRESENT,
1101,STU0019,Sarra Chaabane,2026-04-30,PRESENT,
1144,STU0020,Mariem Oueslati,2026-04-30,LATE,
1187,STU0021,Hiba Karoui,2026-04-30,ABSENT,Sick
1230,STU0022,Mehdi Bouazizi,2026-04-30,PRESENT,
1273,STU0023,Bilel Karoui,2026-04-30,PRESENT,
1316,STU0024,Amira Hamdi,2026-04-30,PRESENT,
1359,STU0025,Tarek Jebali,2026-04-30,PRESENT,
1402,STU0026,Youssef Chouchane,2026-04-30,LATE,
1445,STU0027,Ali Ben Ali,2026-04-30,PRESENT,
1488,STU0028,Hiba Khelifi,2026-04-30,PRESENT,
1531,STU0029,Rami Bouzid,2026-04-30,PRESENT,
1574,STU0030,Amine Dridi,2026-04-30,ABSENT,
328,STU0001,Dorra Sassi,2026-04-29,PRESENT,
371,STU0002,Emna Jebali,2026-04-29,PRESENT,
414,STU0003,Karim Slimani,2026-04-29,PRESENT,
457,STU0004,Emna Chaabane,2026-04-29,PRESENT,
500,STU0005,Emna Ayari,2026-04-29,PRESENT,
543,STU0006,Mariem Chouchane,2026-04-29,ABSENT,
586,STU0007,Zied Sassi,2026-04-29,PRESENT,
629,STU0008,Fares Mejri,2026-04-29,ABSENT,Sick
672,STU0009,Ali Khelifi,2026-04-29,PRESENT,
715,STU0010,Rami Slimani,2026-04-29,LATE,
758,STU0011,Amira Maaloul,2026-04-29,ABSENT,
801,STU0012,Mariem Mejri,2026-04-29,PRESENT,
844,STU0013,Mohamed Hamdi,2026-04-29,PRESENT,
887,STU0014,Sarra Maaloul,2026-04-29,PRESENT,
930,STU0015,Dorra Bouzid,2026-04-29,PRESENT,
973,STU0016,Rahma Mejri,2026-04-29,PRESENT,
1016,STU0017,Rim Jebali,2026-04-29,PRESENT,
1059,STU0018,Ines Mansouri,2026-04-29,ABSENT,Sick
1102,STU0019,Sarra Chaabane,2026-04-29,ABSENT,Sick
1145,STU0020,Mariem Oueslati,2026-04-29,PRESENT,
1188,STU0021,Hiba Karoui,2026-04-29,PRESENT,
1231,STU0022,Mehdi Bouazizi,2026-04-29,PRESENT,
1274,STU0023,Bilel Karoui,2026-04-29,PRESENT,
1317,STU0024,Amira Hamdi,2026-04-29,PRESENT,
1360,STU0025,Tarek Jebali,2026-04-29,PRESENT,
1403,STU0026,Youssef Chouchane,2026-04-29,PRESENT,
1446,STU0027,Ali Ben Ali,2026-04-29,PRESENT,
1489,STU0028,Hiba Khelifi,2026-04-29,PRESENT,
1532,STU0029,Rami Bouzid,2026-04-29,PRESENT,
1575,STU0030,Amine Dridi,2026-04-29,PRESENT,
329,STU0001,Dorra Sassi,2026-04-28,PRESENT,
372,STU0002,Emna Jebali,2026-04-28,ABSENT,Sick
415,STU0003,Karim Slimani,2026-04-28,PRESENT,
458,STU0004,Emna Chaabane,2026-04-28,PRESENT,
501,STU0005,Emna Ayari,2026-04-28,PRESENT,
544,STU0006,Mariem Chouchane,2026-04-28,PRESENT,
587,STU0007,Zied Sassi,2026-04-28,ABSENT,
630,STU0008,Fares Mejri,2026-04-28,ABSENT,Sick
673,STU0009,Ali Khelifi,2026-04-28,PRESENT,
716,STU0010,Rami Slimani,2026-04-28,ABSENT,Sick
759,STU0011,Amira Maaloul,2026-04-28,LATE,
802,STU0012,Mariem Mejri,2026-04-28,PRESENT,
845,STU0013,Mohamed Hamdi,2026-04-28,PRESENT,
888,STU0014,Sarra Maaloul,2026-04-28,PRESENT,
931,STU0015,Dorra Bouzid,2026-04-28,PRESENT,
974,STU0016,Rahma Mejri,2026-04-28,PRESENT,
1017,STU0017,Rim Jebali,2026-04-28,PRESENT,
1060,STU0018,Ines Mansouri,2026-04-28,PRESENT,
1103,STU0019,Sarra Chaabane,2026-04-28,PRESENT,
1146,STU0020,Mariem Oueslati,2026-04-28,PRESENT,
1189,STU0021,Hiba Karoui,2026-04-28,PRESENT,
1232,STU0022,Mehdi Bouazizi,2026-04-28,PRESENT,
1275,STU0023,Bilel Karoui,2026-04-28,PRESENT,
1318,STU0024,Amira Hamdi,2026-04-28,PRESENT,
1361,STU0025,Tarek Jebali,2026-04-28,PRESENT,
1404,STU0026,Youssef Chouchane,2026-04-28,PRESENT,
1447,STU0027,Ali Ben Ali,2026-04-28,PRESENT,
1490,STU0028,Hiba Khelifi,2026-04-28,PRESENT,
1533,STU0029,Rami Bouzid,2026-04-28,PRESENT,
1576,STU0030,Amine Dridi,2026-04-28,PRESENT,
330,STU0001,Dorra Sassi,2026-04-27,PRESENT,
373,STU0002,Emna Jebali,2026-04-27,ABSENT,
416,STU0003,Karim Slimani,2026-04-27,PRESENT,
459,STU0004,Emna Chaabane,2026-04-27,PRESENT,
502,STU0005,Emna Ayari,2026-04-27,PRESENT,
545,STU0006,Mariem Chouchane,2026-04-27,PRESENT,
588,STU0007,Zied Sassi,2026-04-27,PRESENT,
631,STU0008,Fares Mejri,2026-04-27,PRESENT,
674,STU0009,Ali Khelifi,2026-04-27,LATE,
717,STU0010,Rami Slimani,2026-04-27,PRESENT,
760,STU0011,Amira Maaloul,2026-04-27,PRESENT,
803,STU0012,Mariem Mejri,2026-04-27,LATE,
846,STU0013,Mohamed Hamdi,2026-04-27,PRESENT,
889,STU0014,Sarra Maaloul,2026-04-27,PRESENT,
932,STU0015,Dorra Bouzid,2026-04-27,PRESENT,
975,STU0016,Rahma Mejri,2026-04-27,PRESENT,
1018,STU0017,Rim Jebali,2026-04-27,ABSENT,Sick
1061,STU0018,Ines Mansouri,2026-04-27,PRESENT,
1104,STU0019,Sarra Chaabane,2026-04-27,PRESENT,
1147,STU0020,Mariem Oueslati,2026-04-27,PRESENT,
1190,STU0021,Hiba Karoui,2026-04-27,PRESENT,
1233,STU0022,Mehdi Bouazizi,2026-04-27,PRESENT,
1276,STU0023,Bilel Karoui,2026-04-27,PRESENT,
1319,STU0024,Amira Hamdi,2026-04-27,PRESENT,
1362,STU0025,Tarek Jebali,2026-04-27,PRESENT,
1405,STU0026,Youssef Chouchane,2026-04-27,PRESENT,
1448,STU0027,Ali Ben Ali,2026-04-27,PRESENT,
1491,STU0028,Hiba Khelifi,2026-04-27,PRESENT,
1534,STU0029,Rami Bouzid,2026-04-27,ABSENT,
1577,STU0030,Amine Dridi,2026-04-27,PRESENT,
331,STU0001,Dorra Sassi,2026-04-24,PRESENT,
374,STU0002,Emna Jebali,2026-04-24,PRESENT,
417,STU0003,Karim Slimani,2026-04-24,ABSENT,Sick
460,STU0004,Emna Chaabane,2026-04-24,ABSENT,
503,STU0005,Emna Ayari,2026-04-24,PRESENT,
546,STU0006,Mariem Chouchane,2026-04-24,ABSENT,
589,STU0007,Zied Sassi,2026-04-24,PRESENT,
632,STU0008,Fares Mejri,2026-04-24,PRESENT,
675,STU0009,Ali Khelifi,2026-04-24,PRESENT,
718,STU0010,Rami Slimani,2026-04-24,PRESENT,
761,STU0011,Amira Maaloul,2026-04-24,PRESENT,
804,STU0012,Mariem Mejri,2026-04-24,PRESENT,
847,STU0013,Mohamed Hamdi,2026-04-24,PRESENT,
890,STU0014,Sarra Maaloul,2026-04-24,PRESENT,
933,STU0015,Dorra Bouzid,2026-04-24,PRESENT,
976,STU0016,Rahma Mejri,2026-04-24,ABSENT,
1019,STU0017,Rim Jebali,2026-04-24,PRESENT,
1062,STU0018,Ines Mansouri,2026-04-24,LATE,
1105,STU0019,Sarra Chaabane,2026-04-24,PRESENT,
1148,STU0020,Mariem Oueslati,2026-04-24,PRESENT,
1191,STU0021,Hiba Karoui,2026-04-24,LATE,
1234,STU0022,Mehdi Bouazizi,2026-04-24,PRESENT,
1277,STU0023,Bilel Karoui,2026-04-24,PRESENT,
1320,STU0024,Amira Hamdi,2026-04-24,PRESENT,
1363,STU0025,Tarek Jebali,2026-04-24,PRESENT,
1406,STU0026,Youssef Chouchane,2026-04-24,PRESENT,
1449,STU0027,Ali Ben Ali,2026-04-24,PRESENT,
1492,STU0028,Hiba Khelifi,2026-04-24,PRESENT,
1535,STU0029,Rami Bouzid,2026-04-24,PRESENT,
1578,STU0030,Amine Dridi,2026-04-24,PRESENT,
332,STU0001,Dorra Sassi,2026-04-23,PRESENT,
375,STU0002,Emna Jebali,2026-04-23,PRESENT,
418,STU0003,Karim Slimani,2026-04-23,ABSENT,
461,STU0004,Emna Chaabane,2026-04-23,ABSENT,Sick
504,STU0005,Emna Ayari,2026-04-23,ABSENT,Sick
547,STU0006,Mariem Chouchane,2026-04-23,PRESENT,
590,STU0007,Zied Sassi,2026-04-23,ABSENT,Sick
633,STU0008,Fares Mejri,2026-04-23,PRESENT,
676,STU0009,Ali Khelifi,2026-04-23,PRESENT,
719,STU0010,Rami Slimani,2026-04-23,PRESENT,
762,STU0011,Amira Maaloul,2026-04-23,PRESENT,
805,STU0012,Mariem Mejri,2026-04-23,PRESENT,
848,STU0013,Mohamed Hamdi,2026-04-23,PRESENT,
891,STU0014,Sarra Maaloul,2026-04-23,PRESENT,
934,STU0015,Dorra Bouzid,2026-04-23,PRESENT,
977,STU0016,Rahma Mejri,2026-04-23,PRESENT,
1020,STU0017,Rim Jebali,2026-04-23,PRESENT,
1063,STU0018,Ines Mansouri,2026-04-23,PRESENT,
1106,STU0019,Sarra Chaabane,2026-04-23,PRESENT,
1149,STU0020,Mariem Oueslati,2026-04-23,PRESENT,
1192,STU0021,Hiba Karoui,2026-04-23,PRESENT,
1235,STU0022,Mehdi Bouazizi,2026-04-23,PRESENT,
1278,STU0023,Bilel Karoui,2026-04-23,PRESENT,
1321,STU0024,Amira Hamdi,2026-04-23,ABSENT,
1364,STU0025,Tarek Jebali,2026-04-23,PRESENT,
1407,STU0026,Youssef Chouchane,2026-04-23,PRESENT,
1450,STU0027,Ali Ben Ali,2026-04-23,PRESENT,
1493,STU0028,Hiba Khelifi,2026-04-23,PRESENT,
1536,STU0029,Rami Bouzid,2026-04-23,PRESENT,
1579,STU0030,Amine Dridi,2026-04-23,PRESENT,
333,STU0001,Dorra Sassi,2026-04-22,PRESENT,
376,STU0002,Emna Jebali,2026-04-22,PRESENT,
419,STU0003,Karim Slimani,2026-04-22,PRESENT,
462,STU0004,Emna Chaabane,2026-04-22,PRESENT,
505,STU0005,Emna Ayari,2026-04-22,PRESENT,
548,STU0006,Mariem Chouchane,2026-04-22,PRESENT,
591,STU0007,Zied Sassi,2026-04-22,PRESENT,
634,STU0008,Fares Mejri,2026-04-22,PRESENT,
677,STU0009,Ali Khelifi,2026-04-22,PRESENT,
720,STU0010,Rami Slimani,2026-04-22,PRESENT,
763,STU0011,Amira Maaloul,2026-04-22,PRESENT,
806,STU0012,Mariem Mejri,2026-04-22,PRESENT,
849,STU0013,Mohamed Hamdi,2026-04-22,ABSENT,Sick
892,STU0014,Sarra Maaloul,2026-04-22,PRESENT,
935,STU0015,Dorra Bouzid,2026-04-22,PRESENT,
978,STU0016,Rahma Mejri,2026-04-22,PRESENT,
1021,STU0017,Rim Jebali,2026-04-22,PRESENT,
1064,STU0018,Ines Mansouri,2026-04-22,PRESENT,
1107,STU0019,Sarra Chaabane,2026-04-22,PRESENT,
1150,STU0020,Mariem Oueslati,2026-04-22,PRESENT,
1193,STU0021,Hiba Karoui,2026-04-22,PRESENT,
1236,STU0022,Mehdi Bouazizi,2026-04-22,ABSENT,Sick
1279,STU0023,Bilel Karoui,2026-04-22,PRESENT,
1322,STU0024,Amira Hamdi,2026-04-22,PRESENT,
1365,STU0025,Tarek Jebali,2026-04-22,PRESENT,
1408,STU0026,Youssef Chouchane,2026-04-22,LATE,
1451,STU0027,Ali Ben Ali,2026-04-22,PRESENT,
1494,STU0028,Hiba Khelifi,2026-04-22,LATE,
1537,STU0029,Rami Bouzid,2026-04-22,PRESENT,
1580,STU0030,Amine Dridi,2026-04-22,PRESENT,
334,STU0001,Dorra Sassi,2026-04-21,PRESENT,
377,STU0002,Emna Jebali,2026-04-21,PRESENT,
420,STU0003,Karim Slimani,2026-04-21,PRESENT,
463,STU0004,Emna Chaabane,2026-04-21,PRESENT,
506,STU0005,Emna Ayari,2026-04-21,PRESENT,
549,STU0006,Mariem Chouchane,2026-04-21,PRESENT,
592,STU0007,Zied Sassi,2026-04-21,PRESENT,
635,STU0008,Fares Mejri,2026-04-21,PRESENT,
678,STU0009,Ali Khelifi,2026-04-21,PRESENT,
721,STU0010,Rami Slimani,2026-04-21,PRESENT,
764,STU0011,Amira Maaloul,2026-04-21,LATE,
807,STU0012,Mariem Mejri,2026-04-21,PRESENT,
850,STU0013,Mohamed Hamdi,2026-04-21,PRESENT,
893,STU0014,Sarra Maaloul,2026-04-21,PRESENT,
936,STU0015,Dorra Bouzid,2026-04-21,PRESENT,
979,STU0016,Rahma Mejri,2026-04-21,PRESENT,
1022,STU0017,Rim Jebali,2026-04-21,PRESENT,
1065,STU0018,Ines Mansouri,2026-04-21,PRESENT,
1108,STU0019,Sarra Chaabane,2026-04-21,PRESENT,
1151,STU0020,Mariem Oueslati,2026-04-21,PRESENT,
1194,STU0021,Hiba Karoui,2026-04-21,PRESENT,
1237,STU0022,Mehdi Bouazizi,2026-04-21,PRESENT,
1280,STU0023,Bilel Karoui,2026-04-21,PRESENT,
1323,STU0024,Amira Hamdi,2026-04-21,PRESENT,
1366,STU0025,Tarek Jebali,2026-04-21,PRESENT,
1409,STU0026,Youssef Chouchane,2026-04-21,PRESENT,
1452,STU0027,Ali Ben Ali,2026-04-21,LATE,
1495,STU0028,Hiba Khelifi,2026-04-21,PRESENT,
1538,STU0029,Rami Bouzid,2026-04-21,PRESENT,
1581,STU0030,Amine Dridi,2026-04-21,PRESENT,
335,STU0001,Dorra Sassi,2026-04-20,PRESENT,
378,STU0002,Emna Jebali,2026-04-20,PRESENT,
421,STU0003,Karim Slimani,2026-04-20,ABSENT,Sick
464,STU0004,Emna Chaabane,2026-04-20,PRESENT,
507,STU0005,Emna Ayari,2026-04-20,ABSENT,Sick
550,STU0006,Mariem Chouchane,2026-04-20,PRESENT,
593,STU0007,Zied Sassi,2026-04-20,PRESENT,
636,STU0008,Fares Mejri,2026-04-20,PRESENT,
679,STU0009,Ali Khelifi,2026-04-20,PRESENT,
722,STU0010,Rami Slimani,2026-04-20,PRESENT,
765,STU0011,Amira Maaloul,2026-04-20,PRESENT,
808,STU0012,Mariem Mejri,2026-04-20,PRESENT,
851,STU0013,Mohamed Hamdi,2026-04-20,PRESENT,
894,STU0014,Sarra Maaloul,2026-04-20,PRESENT,
937,STU0015,Dorra Bouzid,2026-04-20,PRESENT,
980,STU0016,Rahma Mejri,2026-04-20,PRESENT,
1023,STU0017,Rim Jebali,2026-04-20,PRESENT,
1066,STU0018,Ines Mansouri,2026-04-20,PRESENT,
1109,STU0019,Sarra Chaabane,2026-04-20,PRESENT,
1152,STU0020,Mariem Oueslati,2026-04-20,PRESENT,
1195,STU0021,Hiba Karoui,2026-04-20,PRESENT,
1238,STU0022,Mehdi Bouazizi,2026-04-20,PRESENT,
1281,STU0023,Bilel Karoui,2026-04-20,PRESENT,
1324,STU0024,Amira Hamdi,2026-04-20,PRESENT,
1367,STU0025,Tarek Jebali,2026-04-20,PRESENT,
1410,STU0026,Youssef Chouchane,2026-04-20,PRESENT,
1453,STU0027,Ali Ben Ali,2026-04-20,PRESENT,
1496,STU0028,Hiba Khelifi,2026-04-20,PRESENT,
1539,STU0029,Rami Bouzid,2026-04-20,PRESENT,
1582,STU0030,Amine Dridi,2026-04-20,PRESENT,
336,STU0001,Dorra Sassi,2026-04-17,ABSENT,
379,STU0002,Emna Jebali,2026-04-17,ABSENT,
422,STU0003,Karim Slimani,2026-04-17,PRESENT,
465,STU0004,Emna Chaabane,2026-04-17,PRESENT,
508,STU0005,Emna Ayari,2026-04-17,PRESENT,
551,STU0006,Mariem Chouchane,2026-04-17,PRESENT,
594,STU0007,Zied Sassi,2026-04-17,PRESENT,
637,STU0008,Fares Mejri,2026-04-17,PRESENT,
680,STU0009,Ali Khelifi,2026-04-17,PRESENT,
723,STU0010,Rami Slimani,2026-04-17,PRESENT,
766,STU0011,Amira Maaloul,2026-04-17,ABSENT,Sick
809,STU0012,Mariem Mejri,2026-04-17,PRESENT,
852,STU0013,Mohamed Hamdi,2026-04-17,PRESENT,
895,STU0014,Sarra Maaloul,2026-04-17,PRESENT,
938,STU0015,Dorra Bouzid,2026-04-17,PRESENT,
981,STU0016,Rahma Mejri,2026-04-17,PRESENT,
1024,STU0017,Rim Jebali,2026-04-17,PRESENT,
1067,STU0018,Ines Mansouri,2026-04-17,PRESENT,
1110,STU0019,Sarra Chaabane,2026-04-17,PRESENT,
1153,STU0020,Mariem Oueslati,2026-04-17,PRESENT,
1196,STU0021,Hiba Karoui,2026-04-17,PRESENT,
1239,STU0022,Mehdi Bouazizi,2026-04-17,PRESENT,
1282,STU0023,Bilel Karoui,2026-04-17,PRESENT,
1325,STU0024,Amira Hamdi,2026-04-17,PRESENT,
1368,STU0025,Tarek Jebali,2026-04-17,PRESENT,
1411,STU0026,Youssef Chouchane,2026-04-17,PRESENT,
1454,STU0027,Ali Ben Ali,2026-04-17,PRESENT,
1497,STU0028,Hiba Khelifi,2026-04-17,PRESENT,
1540,STU0029,Rami Bouzid,2026-04-17,PRESENT,
1583,STU0030,Amine Dridi,2026-04-17,PRESENT,
337,STU0001,Dorra Sassi,2026-04-16,PRESENT,
380,STU0002,Emna Jebali,2026-04-16,PRESENT,
423,STU0003,Karim Slimani,2026-04-16,PRESENT,
466,STU0004,Emna Chaabane,2026-04-16,ABSENT,
509,STU0005,Emna Ayari,2026-04-16,PRESENT,
552,STU0006,Mariem Chouchane,2026-04-16,LATE,
595,STU0007,Zied Sassi,2026-04-16,PRESENT,
638,STU0008,Fares Mejri,2026-04-16,PRESENT,
681,STU0009,Ali Khelifi,2026-04-16,PRESENT,
724,STU0010,Rami Slimani,2026-04-16,PRESENT,
767,STU0011,Amira Maaloul,2026-04-16,PRESENT,
810,STU0012,Mariem Mejri,2026-04-16,PRESENT,
853,STU0013,Mohamed Hamdi,2026-04-16,PRESENT,
896,STU0014,Sarra Maaloul,2026-04-16,PRESENT,
939,STU0015,Dorra Bouzid,2026-04-16,PRESENT,
982,STU0016,Rahma Mejri,2026-04-16,ABSENT,
1025,STU0017,Rim Jebali,2026-04-16,PRESENT,
1068,STU0018,Ines Mansouri,2026-04-16,PRESENT,
1111,STU0019,Sarra Chaabane,2026-04-16,PRESENT,
1154,STU0020,Mariem Oueslati,2026-04-16,PRESENT,
1197,STU0021,Hiba Karoui,2026-04-16,PRESENT,
1240,STU0022,Mehdi Bouazizi,2026-04-16,PRESENT,
1283,STU0023,Bilel Karoui,2026-04-16,PRESENT,
1326,STU0024,Amira Hamdi,2026-04-16,PRESENT,
1369,STU0025,Tarek Jebali,2026-04-16,PRESENT,
1412,STU0026,Youssef Chouchane,2026-04-16,PRESENT,
1455,STU0027,Ali Ben Ali,2026-04-16,ABSENT,
1498,STU0028,Hiba Khelifi,2026-04-16,PRESENT,
1541,STU0029,Rami Bouzid,2026-04-16,PRESENT,
1584,STU0030,Amine Dridi,2026-04-16,ABSENT,
338,STU0001,Dorra Sassi,2026-04-15,PRESENT,
381,STU0002,Emna Jebali,2026-04-15,PRESENT,
424,STU0003,Karim Slimani,2026-04-15,PRESENT,
467,STU0004,Emna Chaabane,2026-04-15,PRESENT,
510,STU0005,Emna Ayari,2026-04-15,PRESENT,
553,STU0006,Mariem Chouchane,2026-04-15,PRESENT,
596,STU0007,Zied Sassi,2026-04-15,PRESENT,
639,STU0008,Fares Mejri,2026-04-15,ABSENT,
682,STU0009,Ali Khelifi,2026-04-15,ABSENT,
725,STU0010,Rami Slimani,2026-04-15,PRESENT,
768,STU0011,Amira Maaloul,2026-04-15,PRESENT,
811,STU0012,Mariem Mejri,2026-04-15,PRESENT,
854,STU0013,Mohamed Hamdi,2026-04-15,PRESENT,
897,STU0014,Sarra Maaloul,2026-04-15,PRESENT,
940,STU0015,Dorra Bouzid,2026-04-15,PRESENT,
983,STU0016,Rahma Mejri,2026-04-15,PRESENT,
1026,STU0017,Rim Jebali,2026-04-15,PRESENT,
1069,STU0018,Ines Mansouri,2026-04-15,PRESENT,
1112,STU0019,Sarra Chaabane,2026-04-15,ABSENT,
1155,STU0020,Mariem Oueslati,2026-04-15,PRESENT,
1198,STU0021,Hiba Karoui,2026-04-15,ABSENT,
1241,STU0022,Mehdi Bouazizi,2026-04-15,PRESENT,
1284,STU0023,Bilel Karoui,2026-04-15,PRESENT,
1327,STU0024,Amira Hamdi,2026-04-15,PRESENT,
1370,STU0025,Tarek Jebali,2026-04-15,PRESENT,
1413,STU0026,Youssef Chouchane,2026-04-15,PRESENT,
1456,STU0027,Ali Ben Ali,2026-04-15,PRESENT,
1499,STU0028,Hiba Khelifi,2026-04-15,ABSENT,Sick
1542,STU0029,Rami Bouzid,2026-04-15,PRESENT,
1585,STU0030,Amine Dridi,2026-04-15,PRESENT,
339,STU0001,Dorra Sassi,2026-04-14,PRESENT,
382,STU0002,Emna Jebali,2026-04-14,PRESENT,
425,STU0003,Karim Slimani,2026-04-14,PRESENT,
468,STU0004,Emna Chaabane,2026-04-14,PRESENT,
511,STU0005,Emna Ayari,2026-04-14,PRESENT,
554,STU0006,Mariem Chouchane,2026-04-14,PRESENT,
597,STU0007,Zied Sassi,2026-04-14,PRESENT,
640,STU0008,Fares Mejri,2026-04-14,PRESENT,
683,STU0009,Ali Khelifi,2026-04-14,PRESENT,
726,STU0010,Rami Slimani,2026-04-14,PRESENT,
769,STU0011,Amira Maaloul,2026-04-14,PRESENT,
812,STU0012,Mariem Mejri,2026-04-14,PRESENT,
855,STU0013,Mohamed Hamdi,2026-04-14,PRESENT,
898,STU0014,Sarra Maaloul,2026-04-14,PRESENT,
941,STU0015,Dorra Bouzid,2026-04-14,PRESENT,
984,STU0016,Rahma Mejri,2026-04-14,PRESENT,
1027,STU0017,Rim Jebali,2026-04-14,PRESENT,
1070,STU0018,Ines Mansouri,2026-04-14,PRESENT,
1113,STU0019,Sarra Chaabane,2026-04-14,PRESENT,
1156,STU0020,Mariem Oueslati,2026-04-14,LATE,
1199,STU0021,Hiba Karoui,2026-04-14,PRESENT,
1242,STU0022,Mehdi Bouazizi,2026-04-14,PRESENT,
1285,STU0023,Bilel Karoui,2026-04-14,PRESENT,
1328,STU0024,Amira Hamdi,2026-04-14,PRESENT,
1371,STU0025,Tarek Jebali,2026-04-14,PRESENT,
1414,STU0026,Youssef Chouchane,2026-04-14,PRESENT,
1457,STU0027,Ali Ben Ali,2026-04-14,PRESENT,
1500,STU0028,Hiba Khelifi,2026-04-14,PRESENT,
1543,STU0029,Rami Bouzid,2026-04-14,PRESENT,
1586,STU0030,Amine Dridi,2026-04-14,PRESENT,
340,STU0001,Dorra Sassi,2026-04-13,PRESENT,
383,STU0002,Emna Jebali,2026-04-13,PRESENT,
426,STU0003,Karim Slimani,2026-04-13,ABSENT,
469,STU0004,Emna Chaabane,2026-04-13,PRESENT,
512,STU0005,Emna Ayari,2026-04-13,PRESENT,
555,STU0006,Mariem Chouchane,2026-04-13,PRESENT,
598,STU0007,Zied Sassi,2026-04-13,PRESENT,
641,STU0008,Fares Mejri,2026-04-13,PRESENT,
684,STU0009,Ali Khelifi,2026-04-13,PRESENT,
727,STU0010,Rami Slimani,2026-04-13,LATE,
770,STU0011,Amira Maaloul,2026-04-13,PRESENT,
813,STU0012,Mariem Mejri,2026-04-13,PRESENT,
856,STU0013,Mohamed Hamdi,2026-04-13,LATE,
899,STU0014,Sarra Maaloul,2026-04-13,PRESENT,
942,STU0015,Dorra Bouzid,2026-04-13,PRESENT,
985,STU0016,Rahma Mejri,2026-04-13,PRESENT,
1028,STU0017,Rim Jebali,2026-04-13,PRESENT,
1071,STU0018,Ines Mansouri,2026-04-13,PRESENT,
1114,STU0019,Sarra Chaabane,2026-04-13,PRESENT,
1157,STU0020,Mariem Oueslati,2026-04-13,ABSENT,
1200,STU0021,Hiba Karoui,2026-04-13,PRESENT,
1243,STU0022,Mehdi Bouazizi,2026-04-13,PRESENT,
1286,STU0023,Bilel Karoui,2026-04-13,PRESENT,
1329,STU0024,Amira Hamdi,2026-04-13,PRESENT,
1372,STU0025,Tarek Jebali,2026-04-13,PRESENT,
1415,STU0026,Youssef Chouchane,2026-04-13,PRESENT,
1458,STU0027,Ali Ben Ali,2026-04-13,PRESENT,
1501,STU0028,Hiba Khelifi,2026-04-13,PRESENT,
1544,STU0029,Rami Bouzid,2026-04-13,PRESENT,
1587,STU0030,Amine Dridi,2026-04-13,PRESENT,
341,STU0001,Dorra Sassi,2026-04-10,PRESENT,
384,STU0002,Emna Jebali,2026-04-10,PRESENT,
427,STU0003,Karim Slimani,2026-04-10,PRESENT,
470,STU0004,Emna Chaabane,2026-04-10,PRESENT,
513,STU0005,Emna Ayari,2026-04-10,PRESENT,
556,STU0006,Mariem Chouchane,2026-04-10,PRESENT,
599,STU0007,Zied Sassi,2026-04-10,PRESENT,
642,STU0008,Fares Mejri,2026-04-10,PRESENT,
685,STU0009,Ali Khelifi,2026-04-10,PRESENT,
728,STU0010,Rami Slimani,2026-04-10,ABSENT,Sick
771,STU0011,Amira Maaloul,2026-04-10,LATE,
814,STU0012,Mariem Mejri,2026-04-10,PRESENT,
857,STU0013,Mohamed Hamdi,2026-04-10,PRESENT,
900,STU0014,Sarra Maaloul,2026-04-10,PRESENT,
943,STU0015,Dorra Bouzid,2026-04-10,PRESENT,
986,STU0016,Rahma Mejri,2026-04-10,PRESENT,
1029,STU0017,Rim Jebali,2026-04-10,PRESENT,
1072,STU0018,Ines Mansouri,2026-04-10,PRESENT,
1115,STU0019,Sarra Chaabane,2026-04-10,PRESENT,
1158,STU0020,Mariem Oueslati,2026-04-10,PRESENT,
1201,STU0021,Hiba Karoui,2026-04-10,PRESENT,
1244,STU0022,Mehdi Bouazizi,2026-04-10,PRESENT,
1287,STU0023,Bilel Karoui,2026-04-10,PRESENT,
1330,STU0024,Amira Hamdi,2026-04-10,PRESENT,
1373,STU0025,Tarek Jebali,2026-04-10,PRESENT,
1416,STU0026,Youssef Chouchane,2026-04-10,PRESENT,
1459,STU0027,Ali Ben Ali,2026-04-10,PRESENT,
1502,STU0028,Hiba Khelifi,2026-04-10,PRESENT,
1545,STU0029,Rami Bouzid,2026-04-10,PRESENT,
1588,STU0030,Amine Dridi,2026-04-10,LATE,
342,STU0001,Dorra Sassi,2026-04-09,ABSENT,Sick
385,STU0002,Emna Jebali,2026-04-09,PRESENT,
428,STU0003,Karim Slimani,2026-04-09,PRESENT,
471,STU0004,Emna Chaabane,2026-04-09,PRESENT,
514,STU0005,Emna Ayari,2026-04-09,PRESENT,
557,STU0006,Mariem Chouchane,2026-04-09,PRESENT,
600,STU0007,Zied Sassi,2026-04-09,PRESENT,
643,STU0008,Fares Mejri,2026-04-09,PRESENT,
686,STU0009,Ali Khelifi,2026-04-09,PRESENT,
729,STU0010,Rami Slimani,2026-04-09,PRESENT,
772,STU0011,Amira Maaloul,2026-04-09,PRESENT,
815,STU0012,Mariem Mejri,2026-04-09,PRESENT,
858,STU0013,Mohamed Hamdi,2026-04-09,PRESENT,
901,STU0014,Sarra Maaloul,2026-04-09,PRESENT,
944,STU0015,Dorra Bouzid,2026-04-09,PRESENT,
987,STU0016,Rahma Mejri,2026-04-09,PRESENT,
1030,STU0017,Rim Jebali,2026-04-09,PRESENT,
1073,STU0018,Ines Mansouri,2026-04-09,PRESENT,
1116,STU0019,Sarra Chaabane,2026-04-09,PRESENT,
1159,STU0020,Mariem Oueslati,2026-04-09,PRESENT,
1202,STU0021,Hiba Karoui,2026-04-09,PRESENT,
1245,STU0022,Mehdi Bouazizi,2026-04-09,PRESENT,
1288,STU0023,Bilel Karoui,2026-04-09,PRESENT,
1331,STU0024,Amira Hamdi,2026-04-09,PRESENT,
1374,STU0025,Tarek Jebali,2026-04-09,PRESENT,
1417,STU0026,Youssef Chouchane,2026-04-09,PRESENT,
1460,STU0027,Ali Ben Ali,2026-04-09,PRESENT,
1503,STU0028,Hiba Khelifi,2026-04-09,PRESENT,
1546,STU0029,Rami Bouzid,2026-04-09,PRESENT,
1589,STU0030,Amine Dridi,2026-04-09,PRESENT,
343,STU0001,Dorra Sassi,2026-04-08,PRESENT,
386,STU0002,Emna Jebali,2026-04-08,ABSENT,
429,STU0003,Karim Slimani,2026-04-08,PRESENT,
472,STU0004,Emna Chaabane,2026-04-08,PRESENT,
515,STU0005,Emna Ayari,2026-04-08,PRESENT,
558,STU0006,Mariem Chouchane,2026-04-08,ABSENT,
601,STU0007,Zied Sassi,2026-04-08,PRESENT,
644,STU0008,Fares Mejri,2026-04-08,PRESENT,
687,STU0009,Ali Khelifi,2026-04-08,PRESENT,
730,STU0010,Rami Slimani,2026-04-08,PRESENT,
773,STU0011,Amira Maaloul,2026-04-08,PRESENT,
816,STU0012,Mariem Mejri,2026-04-08,PRESENT,
859,STU0013,Mohamed Hamdi,2026-04-08,PRESENT,
902,STU0014,Sarra Maaloul,2026-04-08,PRESENT,
945,STU0015,Dorra Bouzid,2026-04-08,PRESENT,
988,STU0016,Rahma Mejri,2026-04-08,PRESENT,
1031,STU0017,Rim Jebali,2026-04-08,PRESENT,
1074,STU0018,Ines Mansouri,2026-04-08,PRESENT,
1117,STU0019,Sarra Chaabane,2026-04-08,PRESENT,
1160,STU0020,Mariem Oueslati,2026-04-08,ABSENT,Sick
1203,STU0021,Hiba Karoui,2026-04-08,PRESENT,
1246,STU0022,Mehdi Bouazizi,2026-04-08,LATE,
1289,STU0023,Bilel Karoui,2026-04-08,PRESENT,
1332,STU0024,Amira Hamdi,2026-04-08,PRESENT,
1375,STU0025,Tarek Jebali,2026-04-08,PRESENT,
1418,STU0026,Youssef Chouchane,2026-04-08,PRESENT,
1461,STU0027,Ali Ben Ali,2026-04-08,PRESENT,
1504,STU0028,Hiba Khelifi,2026-04-08,PRESENT,
1547,STU0029,Rami Bouzid,2026-04-08,ABSENT,Sick
1590,STU0030,Amine Dridi,2026-04-08,PRESENT,
